listing_id,product,price,original_price,condition,seller,time_posted,likes,listing_url,source_url,category,buyer_protection,delivery_info
1437415138,FSP HYPER K 600W Power Supply,RM120,,Lightly used,roblucci89,,,https://www.carousell.com.my/p/fsp-hyper-k-600w-power-supply-1437415138/,https://www.carousell.com.my/categories/computers-tech-602/parts-accessories-604/computer-parts-5113/?tab=marketplace,Computers & Tech > Parts & Accessories > Computer Parts,True,
1434238318,Motherboard Asus B85M-G and intel Xeon E3-1230V3 3.30Ghz,RM160,RM200,Lightly used,rwiee,,6,https://www.carousell.com.my/p/motherboard-asus-b85m-g-and-intel-xeon-e3-1230v3-3-30ghz-1434238318/,https://www.carousell.com.my/categories/computers-tech-602/parts-accessories-604/computer-parts-5113/?tab=marketplace,Computers & Tech > Parts & Accessories > Computer Parts,True,
1434547926,Colorful iGame GeForce RTX 5070 Ultra OC 12GB,"RM2,300",,Brand new,jaso.n,,12,https://www.carousell.com.my/p/colorful-igame-geforce-rtx-5070-ultra-oc-12gb-1434547926/,https://www.carousell.com.my/categories/computers-tech-602/parts-accessories-604/computer-parts-5113/?tab=marketplace,Computers & Tech > Parts & Accessories > Computer Parts,True,
1435963187,XFX 9060 XT OC 16GB,"RM1,600",,Brand new,ryujinxz,,11,https://www.carousell.com.my/p/xfx-9060-xt-oc-16gb-1435963187/,https://www.carousell.com.my/categories/computers-tech-602/parts-accessories-604/computer-parts-5113/?tab=marketplace,Computers & Tech > Parts & Accessories > Computer Parts,True,
1437400327,Gigabyte B450I AORUS PRO WIFI Motherboard,RM300,,Lightly used,kifkifkifkif,,2,https://www.carousell.com.my/p/gigabyte-b450i-aorus-pro-wifi-motherboard-1437400327/,https://www.carousell.com.my/categories/computers-tech-602/parts-accessories-604/computer-parts-5113/?tab=marketplace,Computers & Tech > Parts & Accessories > Computer Parts,True,
1434977300,Gigabyte 750w Full Modular Psu,RM169,,Lightly used,deaglex,,8,https://www.carousell.com.my/p/gigabyte-750w-full-modular-psu-1434977300/,https://www.carousell.com.my/categories/computers-tech-602/parts-accessories-604/computer-parts-5113/?tab=marketplace,Computers & Tech > Parts & Accessories > Computer Parts,False,
1437135546,PSU 750W 80+ Gold Semi-Modular Gigabyte,RM250,,Like new,wzwar91,,2,https://www.carousell.com.my/p/psu-750w-80-gold-semi-modular-gigabyte-1437135546/,https://www.carousell.com.my/categories/computers-tech-602/parts-accessories-604/computer-parts-5113/?tab=marketplace,Computers & Tech > Parts & Accessories > Computer Parts,True,
1409965684,MSI GeForce RTX 3090 Ti GAMING X TRIO 24GB GDDR6X Graphics,"RM1,500",,Brand new,mightyflower-8df40f,,91,https://www.carousell.com.my/p/msi-geforce-rtx-3090-ti-gaming-x-trio-24gb-gddr6x-graphics-1409965684/,https://www.carousell.com.my/categories/computers-tech-602/parts-accessories-604/computer-parts-5113/?tab=marketplace,Computers & Tech > Parts & Accessories > Computer Parts,True,
1437399530,ultra 9 285k combo z890m,"RM2,488",,Like new,YuYu531,,1,https://www.carousell.com.my/p/ultra-9-285k-combo-z890m-1437399530/,https://www.carousell.com.my/categories/computers-tech-602/parts-accessories-604/computer-parts-5113/?tab=marketplace,Computers & Tech > Parts & Accessories > Computer Parts,False,
1436924634,Intel Core Ultra Processor 285K,"RM1,200",,Like new,ragnrally,,3,https://www.carousell.com.my/p/intel-core-ultra-processor-285k-1436924634/,https://www.carousell.com.my/categories/computers-tech-602/parts-accessories-604/computer-parts-5113/?tab=marketplace,Computers & Tech > Parts & Accessories > Computer Parts,True,
1434137643,ASUS TUF RX6900XT TOP,"RM1,599","RM1,699",Like new,gh0stlike485397,,13,https://www.carousell.com.my/p/asus-tuf-rx6900xt-top-1434137643/,https://www.carousell.com.my/categories/computers-tech-602/parts-accessories-604/computer-parts-5113/?tab=marketplace,Computers & Tech > Parts & Accessories > Computer Parts,True,
1434385659,Adata XPG Lancer Blade 32GB (2x16GB) DDR5 6000MHz CL36 White RGB,"RM1,650",,Like new,dan18l,,14,https://www.carousell.com.my/p/adata-xpg-lancer-blade-32gb-2x16gb-ddr5-6000mhz-cl36-white-rgb-1434385659/,https://www.carousell.com.my/categories/computers-tech-602/parts-accessories-604/computer-parts-5113/?tab=marketplace,Computers & Tech > Parts & Accessories > Computer Parts,True,
1436662162,Gigabyte Eagle RTX 3070 8GB 3 Fan,RM999,,Lightly used,houseofgamers,,6,https://www.carousell.com.my/p/gigabyte-eagle-rtx-3070-8gb-3-fan-1436662162/,https://www.carousell.com.my/categories/computers-tech-602/parts-accessories-604/computer-parts-5113/?tab=marketplace,Computers & Tech > Parts & Accessories > Computer Parts,True,
1435362877,Biostar AMD Rx5700xt 8GB,RM573,,Lightly used,jiaojiao,,13,https://www.carousell.com.my/p/biostar-amd-rx5700xt-8gb-1435362877/,https://www.carousell.com.my/categories/computers-tech-602/parts-accessories-604/computer-parts-5113/?tab=marketplace,Computers & Tech > Parts & Accessories > Computer Parts,True,
1433810804,AMD AM5 Motherboard B650 Asrock Steel Legend,RM750,,Lightly used,icehart,,5,https://www.carousell.com.my/p/amd-am5-motherboard-b650-asrock-steel-legend-1433810804/,https://www.carousell.com.my/categories/computers-tech-602/parts-accessories-604/computer-parts-5113/?tab=marketplace,Computers & Tech > Parts & Accessories > Computer Parts,True,
1437062824,HARD DISK 3TB WD NAS,RM165,,Like new,twinglobeenterprise,,5,https://www.carousell.com.my/p/hard-disk-3tb-wd-nas-1437062824/,https://www.carousell.com.my/categories/computers-tech-602/parts-accessories-604/computer-parts-5113/?tab=marketplace,Computers & Tech > Parts & Accessories > Computer Parts,False,
1424705801,Kingston FURY Beast 32GB (2 x 16GB) 288-Pin PC RAM DDR5 5200 (PC5 41600) Memory (Desktop Memory) Model KF552C40BBAK2-32,"RM1,199",,Like new,t4technology,,32,https://www.carousell.com.my/p/kingston-fury-beast-32gb-2-x-16gb-288-pin-pc-ram-ddr5-5200-pc5-41600-memory-desktop-memory-model-kf552c40bbak2-32-1424705801/,https://www.carousell.com.my/categories/computers-tech-602/parts-accessories-604/computer-parts-5113/?tab=marketplace,Computers & Tech > Parts & Accessories > Computer Parts,False,
1437410891,RTX5060 + PSU Bundle,"RM1,200",,Like new,meowedd0919,,,https://www.carousell.com.my/p/rtx5060-psu-bundle-1437410891/,https://www.carousell.com.my/categories/computers-tech-602/parts-accessories-604/computer-parts-5113/?tab=marketplace,Computers & Tech > Parts & Accessories > Computer Parts,True,
1437410716,Gigabyte B760M DS3H WIFI6E GEN5,RM350,,Brand new,muhammadaqeef3,,,https://www.carousell.com.my/p/gigabyte-b760m-ds3h-wifi6e-gen5-1437410716/,https://www.carousell.com.my/categories/computers-tech-602/parts-accessories-604/computer-parts-5113/?tab=marketplace,Computers & Tech > Parts & Accessories > Computer Parts,True,
1437410355,Corsair Vengeance RGB Pro RAM 1 x 8gb (32GB) 3200mhz,RM900,,Lightly used,azrizainal35312,,,https://www.carousell.com.my/p/corsair-vengeance-rgb-pro-ram-1-x-8gb-32gb-3200mhz-1437410355/,https://www.carousell.com.my/categories/computers-tech-602/parts-accessories-604/computer-parts-5113/?tab=marketplace,Computers & Tech > Parts & Accessories > Computer Parts,True,
1435448920,[ New and Sealed ] ASUS Dual GeForce RTX 5060 8GB GDDR7 OC Edition GPU Graphics Card PC Desktop,"RM1,219",,Brand new,itvisionx,,16,https://www.carousell.com.my/p/new-and-sealed-asus-dual-geforce-rtx-5060-8gb-gddr7-oc-edition-gpu-graphics-card-pc-desktop-1435448920/,https://www.carousell.com.my/categories/computers-tech-602/parts-accessories-604/computer-parts-5113/?tab=marketplace,Computers & Tech > Parts & Accessories > Computer Parts,True,
1437017825,ASUS TUF Gaming GeForce RTX 5090 Graphics Card,"RM1,050",,Brand new,royalstone.bb7046,,1,https://www.carousell.com.my/p/asus-tuf-gaming-geforce-rtx-5090-graphics-card-1437017825/,https://www.carousell.com.my/categories/computers-tech-602/parts-accessories-604/computer-parts-5113/?tab=marketplace,Computers & Tech > Parts & Accessories > Computer Parts,True,
1436180925,Ryzen 5 3600 + Gskill 16GB,RM280,,Like new,denrmln,,8,https://www.carousell.com.my/p/ryzen-5-3600-gskill-16gb-1436180925/,https://www.carousell.com.my/categories/computers-tech-602/parts-accessories-604/computer-parts-5113/?tab=marketplace,Computers & Tech > Parts & Accessories > Computer Parts,True,
1408797312,Zotac RTX 3060 Ti Twin Edge OC,RM900,,Lightly used,shizip784,,48,https://www.carousell.com.my/p/zotac-rtx-3060-ti-twin-edge-oc-1408797312/,https://www.carousell.com.my/categories/computers-tech-602/parts-accessories-604/computer-parts-5113/?tab=marketplace,Computers & Tech > Parts & Accessories > Computer Parts,True,
1437318847,Motherboard - GIGABYTE B150M-D3H,RM60,,Well used,razzyla,,4,https://www.carousell.com.my/p/motherboard-gigabyte-b150m-d3h-1437318847/,https://www.carousell.com.my/categories/computers-tech-602/parts-accessories-604/computer-parts-5113/?tab=marketplace,Computers & Tech > Parts & Accessories > Computer Parts,False,
1431747270,ASRock B550M-HDV Motherboard,RM250,RM300,Like new,tenzo117064883,,15,https://www.carousell.com.my/p/asrock-b550m-hdv-motherboard-1431747270/,https://www.carousell.com.my/categories/computers-tech-602/parts-accessories-604/computer-parts-5113/?tab=marketplace,Computers & Tech > Parts & Accessories > Computer Parts,True,
1433211417,Maxsun ICraft RTX 3060 TI OC 8G,RM989,,Lightly used,nazmi187,,18,https://www.carousell.com.my/p/maxsun-icraft-rtx-3060-ti-oc-8g-1433211417/,https://www.carousell.com.my/categories/computers-tech-602/parts-accessories-604/computer-parts-5113/?tab=marketplace,Computers & Tech > Parts & Accessories > Computer Parts,True,
1437078092,Noctua U12A chromax,RM168,,Like new,drinspire,,4,https://www.carousell.com.my/p/noctua-u12a-chromax-1437078092/,https://www.carousell.com.my/categories/computers-tech-602/parts-accessories-604/computer-parts-5113/?tab=marketplace,Computers & Tech > Parts & Accessories > Computer Parts,False,
1385946466,ASrock Steel Legend B550M,RM150,,Lightly used,oniomaniac.,,22,https://www.carousell.com.my/p/asrock-steel-legend-b550m-1385946466/,https://www.carousell.com.my/categories/computers-tech-602/parts-accessories-604/computer-parts-5113/?tab=marketplace,Computers & Tech > Parts & Accessories > Computer Parts,False,
1436655659,ASUS TUF Gaming GeForce RTX 5090 Graphics Card,"RM1,100",,Brand new,grandbear_b7e6a9,,5,https://www.carousell.com.my/p/asus-tuf-gaming-geforce-rtx-5090-graphics-card-1436655659/,https://www.carousell.com.my/categories/computers-tech-602/parts-accessories-604/computer-parts-5113/?tab=marketplace,Computers & Tech > Parts & Accessories > Computer Parts,True,
1437359014,Colorful GeForce RTX 3060 12GB,RM800,,Lightly used,chinsv.263,,4,https://www.carousell.com.my/p/colorful-geforce-rtx-3060-12gb-1437359014/,https://www.carousell.com.my/categories/computers-tech-602/parts-accessories-604/computer-parts-5113/?tab=marketplace,Computers & Tech > Parts & Accessories > Computer Parts,True,
1432864096,Ryzen 3 3200G (Tray Unit),RM160,,Well used,az_lean,,2,https://www.carousell.com.my/p/ryzen-3-3200g-tray-unit-1432864096/,https://www.carousell.com.my/categories/computers-tech-602/parts-accessories-604/computer-parts-5113/?tab=marketplace,Computers & Tech > Parts & Accessories > Computer Parts,True,
1427524211,MSI GAMING GEFORCE RTX 5070 TI OC GRAPHICS CARD,"RM3,119",,Brand new,neverhack.gg,,52,https://www.carousell.com.my/p/msi-gaming-geforce-rtx-5070-ti-oc-graphics-card-1427524211/,https://www.carousell.com.my/categories/computers-tech-602/parts-accessories-604/computer-parts-5113/?tab=marketplace,Computers & Tech > Parts & Accessories > Computer Parts,True,
1437377540,Corsair 4000D Airflow Mid-Tower PC Case,RM200,,Like new,shfkhwn,,4,https://www.carousell.com.my/p/corsair-4000d-airflow-mid-tower-pc-case-1437377540/,https://www.carousell.com.my/categories/computers-tech-602/parts-accessories-604/computer-parts-5113/?tab=marketplace,Computers & Tech > Parts & Accessories > Computer Parts,False,
1435005791,AMD Ryzen 5 3400G,RM240,,Lightly used,aiman83,,10,https://www.carousell.com.my/p/amd-ryzen-5-3400g-1435005791/,https://www.carousell.com.my/categories/computers-tech-602/parts-accessories-604/computer-parts-5113/?tab=marketplace,Computers & Tech > Parts & Accessories > Computer Parts,True,
1436987714,Selling AMD Ryzen 5 3400G Processor Desktoo,RM210,,Like new,azka10,,6,https://www.carousell.com.my/p/selling-amd-ryzen-5-3400g-processor-desktoo-1436987714/,https://www.carousell.com.my/categories/computers-tech-602/parts-accessories-604/computer-parts-5113/?tab=marketplace,Computers & Tech > Parts & Accessories > Computer Parts,True,
1327465326,AMD RYZEN 5 3400GE Quad Core 4 Core 8 Thread 4.0 GHZ AM4 Processor with Vega 11 Graphic APU,RM340,,Like new,meanmachinetradestore,,5,https://www.carousell.com.my/p/amd-ryzen-5-3400ge-quad-core-4-core-8-thread-4-0-ghz-am4-processor-with-vega-11-graphic-apu-1327465326/,https://www.carousell.com.my/categories/computers-tech-602/parts-accessories-604/computer-parts-5113/?tab=marketplace,Computers & Tech > Parts & Accessories > Computer Parts,True,
1435158477,Zotac Gaming GeForce RTX 5070 Ti 16GB,"RM3,900",,Like new,indahbrasco,,20,https://www.carousell.com.my/p/zotac-gaming-geforce-rtx-5070-ti-16gb-1435158477/,https://www.carousell.com.my/categories/computers-tech-602/parts-accessories-604/computer-parts-5113/?tab=marketplace,Computers & Tech > Parts & Accessories > Computer Parts,True,
1437400340,SK Hynix DDR5 16GB 5600 Desktop RAM UDIMM,RM650,,Like new,240sx90,,1,https://www.carousell.com.my/p/sk-hynix-ddr5-16gb-5600-desktop-ram-udimm-1437400340/,https://www.carousell.com.my/categories/computers-tech-602/parts-accessories-604/computer-parts-5113/?tab=marketplace,Computers & Tech > Parts & Accessories > Computer Parts,True,
1435841797,[PAIR] 16GB (8GBx2) DDR4 2666MHz | HIGH-SPEED UPGRADE,RM130,RM150,Lightly used,merlin001,,3,https://www.carousell.com.my/p/pair-16gb-8gbx2-ddr4-2666mhz-high-speed-upgrade-1435841797/,https://www.carousell.com.my/categories/computers-tech-602/parts-accessories-604/computer-parts-5113/?tab=marketplace,Computers & Tech > Parts & Accessories > Computer Parts,True,
1437412510,Combo cpu intel i3 10100f + h410m biostar,RM270,,Lightly used,roblucci89,,,https://www.carousell.com.my/p/combo-cpu-intel-i3-10100f-h410m-biostar-1437412510/,https://www.carousell.com.my/categories/computers-tech-602/parts-accessories-604/computer-parts-5113/?tab=marketplace,Computers & Tech > Parts & Accessories > Computer Parts,True,
1434134908,ASUS TUF Gaming Radeon RX 6900 XT TOP Edition OC Unlocked (Under ASUS Warranty),"RM1,699",,Like new,gh0stlike485397,,27,https://www.carousell.com.my/p/asus-tuf-gaming-radeon-rx-6900-xt-top-edition-oc-unlocked-under-asus-warranty-1434134908/,https://www.carousell.com.my/categories/computers-tech-602/parts-accessories-604/computer-parts-5113/?tab=marketplace,Computers & Tech > Parts & Accessories > Computer Parts,True,
1437399429,HyperX Fury 8gb DDR4 RAM,RM110,,Lightly used,kifkifkifkif,,1,https://www.carousell.com.my/p/hyperx-fury-8gb-ddr4-ram-1437399429/,https://www.carousell.com.my/categories/computers-tech-602/parts-accessories-604/computer-parts-5113/?tab=marketplace,Computers & Tech > Parts & Accessories > Computer Parts,True,
1433500819,EKWB EK-CoolStream Classic PE 360 Radiator,RM220,RM250,Brand new,lyn.darkzone,,2,https://www.carousell.com.my/p/ekwb-ek-coolstream-classic-pe-360-radiator-1433500819/,https://www.carousell.com.my/categories/computers-tech-602/parts-accessories-604/computer-parts-5113/?tab=marketplace,Computers & Tech > Parts & Accessories > Computer Parts,True,
1437404253,Kingston DDR4 16GB RAM 2400MHz,RM270,,Well used,fatcat90,,1,https://www.carousell.com.my/p/kingston-ddr4-16gb-ram-2400mhz-1437404253/,https://www.carousell.com.my/categories/computers-tech-602/parts-accessories-604/computer-parts-5113/?tab=marketplace,Computers & Tech > Parts & Accessories > Computer Parts,True,
1435014787,"INTEL MINI ITX (NO GPU, PSU, STORAGE) PLEASE READ",RM200,,Like new,inuzukaryuta,,6,https://www.carousell.com.my/p/intel-mini-itx-no-gpu-psu-storage-please-read-1435014787/,https://www.carousell.com.my/categories/computers-tech-602/parts-accessories-604/computer-parts-5113/?tab=marketplace,Computers & Tech > Parts & Accessories > Computer Parts,False,
1434456540,Used DDR4 RAM 8GB 2666/3000/3200/3600Mhz,RM168,,Lightly used,ezicching,,8,https://www.carousell.com.my/p/used-ddr4-ram-8gb-2666-3000-3200-3600mhz-1434456540/,https://www.carousell.com.my/categories/computers-tech-602/parts-accessories-604/computer-parts-5113/?tab=marketplace,Computers & Tech > Parts & Accessories > Computer Parts,True,
1437289942,Intel Pentium G6400 CPU,RM80,,Lightly used,tinyexil3,,1,https://www.carousell.com.my/p/intel-pentium-g6400-cpu-1437289942/,https://www.carousell.com.my/categories/computers-tech-602/parts-accessories-604/computer-parts-5113/?tab=marketplace,Computers & Tech > Parts & Accessories > Computer Parts,True,
1436699312,Colorful GeForce RTX 5070 battle ax,"RM2,000",,Like new,rockdidi3886910,,13,https://www.carousell.com.my/p/colorful-geforce-rtx-5070-battle-ax-1436699312/,https://www.carousell.com.my/categories/computers-tech-602/parts-accessories-604/computer-parts-5113/?tab=marketplace,Computers & Tech > Parts & Accessories > Computer Parts,True,
1437018105,NVIDIA GeForce RTX 4080,"RM1,200",,Brand new,royalstone.bb7046,,2,https://www.carousell.com.my/p/nvidia-geforce-rtx-4080-1437018105/,https://www.carousell.com.my/categories/computers-tech-602/parts-accessories-604/computer-parts-5113/?tab=marketplace,Computers & Tech > Parts & Accessories > Computer Parts,True,
1425898429,Corsair Vengeance DDR5 32GB (2x16)  5600MHz RAM White,"RM1,450",,Brand new,sellonline26,,13,https://www.carousell.com.my/p/corsair-vengeance-ddr5-32gb-2x16-5600mhz-ram-white-1425898429/,https://www.carousell.com.my/categories/computers-tech-602/parts-accessories-604/computer-parts-5113/?tab=marketplace,Computers & Tech > Parts & Accessories > Computer Parts,False,
1436356010,ZOTAC RTX 3050 8GBTwin Edge OC,RM620,,Like new,vincentlau23279,,5,https://www.carousell.com.my/p/zotac-rtx-3050-8gbtwin-edge-oc-1436356010/,https://www.carousell.com.my/categories/computers-tech-602/parts-accessories-604/computer-parts-5113/?tab=marketplace,Computers & Tech > Parts & Accessories > Computer Parts,True,
1434127382,GIGABYTE AMD Radeon™ RX 9060 XT GAMING OC 8G,"RM1,200",,Like new,nanonana5555,,19,https://www.carousell.com.my/p/gigabyte-amd-radeon™-rx-9060-xt-gaming-oc-8g-1434127382/,https://www.carousell.com.my/categories/computers-tech-602/parts-accessories-604/computer-parts-5113/?tab=marketplace,Computers & Tech > Parts & Accessories > Computer Parts,True,
1377814721,Leadtek Professional Quadro RTX A1000 8GB / RTX A2000 12GB Workstation,"RM2,799",,Brand new,fantasytech,,6,https://www.carousell.com.my/p/leadtek-professional-quadro-rtx-a1000-8gb-rtx-a2000-12gb-workstation-1377814721/,https://www.carousell.com.my/categories/computers-tech-602/parts-accessories-604/computer-parts-5113/?tab=marketplace,Computers & Tech > Parts & Accessories > Computer Parts,True,
1420318809,Samsung Portable SSD T7 Shield 2TB – Brand New Sealed,RM650,,Brand new,barangwarehousemurah,,17,https://www.carousell.com.my/p/samsung-portable-ssd-t7-shield-2tb-–-brand-new-sealed-1420318809/,https://www.carousell.com.my/categories/computers-tech-602/parts-accessories-604/computer-parts-5113/?tab=marketplace,Computers & Tech > Parts & Accessories > Computer Parts,False,
1400050147,NVIDIA Quadro Graphics Card,RM150,,Well used,mohammadalam13,,9,https://www.carousell.com.my/p/nvidia-quadro-graphics-card-1400050147/,https://www.carousell.com.my/categories/computers-tech-602/parts-accessories-604/computer-parts-5113/?tab=marketplace,Computers & Tech > Parts & Accessories > Computer Parts,True,
1436732706,ASUS ROG Strix X870-A Gaming WiFi Motherboard,RM899,,Brand new,attila1717,,9,https://www.carousell.com.my/p/asus-rog-strix-x870-a-gaming-wifi-motherboard-1436732706/,https://www.carousell.com.my/categories/computers-tech-602/parts-accessories-604/computer-parts-5113/?tab=marketplace,Computers & Tech > Parts & Accessories > Computer Parts,True,
1428284649,Nvidia Quadro P400 Graphics Card,RM210,,Lightly used,kamran321,,4,https://www.carousell.com.my/p/nvidia-quadro-p400-graphics-card-1428284649/,https://www.carousell.com.my/categories/computers-tech-602/parts-accessories-604/computer-parts-5113/?tab=marketplace,Computers & Tech > Parts & Accessories > Computer Parts,True,
1429851155,New NVIDIA TESLA A2 16GB Professional Computing Graphics Card Deep Learning GPU,"RM2,250",,Brand new,zealwind-5d2287,,3,https://www.carousell.com.my/p/new-nvidia-tesla-a2-16gb-professional-computing-graphics-card-deep-learning-gpu-1429851155/,https://www.carousell.com.my/categories/computers-tech-602/parts-accessories-604/computer-parts-5113/?tab=marketplace,Computers & Tech > Parts & Accessories > Computer Parts,True,
1436860004,Zotac trinity RTX 3080,"RM1,300",,Lightly used,reensparx,,9,https://www.carousell.com.my/p/zotac-trinity-rtx-3080-1436860004/,https://www.carousell.com.my/categories/computers-tech-602/parts-accessories-604/computer-parts-5113/?tab=marketplace,Computers & Tech > Parts & Accessories > Computer Parts,True,
1423041788,Cl28 32gb kit ddr5 Cras V Rgb Desktop Ram,"RM1,800",,Brand new,alyaroshidere,,27,https://www.carousell.com.my/p/cl28-32gb-kit-ddr5-cras-v-rgb-desktop-ram-1423041788/,https://www.carousell.com.my/categories/computers-tech-602/parts-accessories-604/computer-parts-5113/?tab=marketplace,Computers & Tech > Parts & Accessories > Computer Parts,True,
1437400529,PSU 500W,RM35,,Well used,syahfareez193,,1,https://www.carousell.com.my/p/psu-500w-1437400529/,https://www.carousell.com.my/categories/computers-tech-602/parts-accessories-604/computer-parts-5113/?tab=marketplace,Computers & Tech > Parts & Accessories > Computer Parts,False,
1414476699,Brand New | AMD Ryzen 5 5500/5600/5700X/7500F/9700X Processor | 3 Years Warranty,RM390,,Brand new,jensonchan91,,143,https://www.carousell.com.my/p/brand-new-amd-ryzen-5-5500-5600-5700x-7500f-9700x-processor-3-years-warranty-1414476699/,https://www.carousell.com.my/categories/computers-tech-602/parts-accessories-604/computer-parts-5113/?tab=marketplace,Computers & Tech > Parts & Accessories > Computer Parts,True,
1435037450,Zotac gtx 1050 2gb,RM250,,Lightly used,shxstalk,,7,https://www.carousell.com.my/p/zotac-gtx-1050-2gb-1435037450/,https://www.carousell.com.my/categories/computers-tech-602/parts-accessories-604/computer-parts-5113/?tab=marketplace,Computers & Tech > Parts & Accessories > Computer Parts,True,
1436654272,NVIDIA GeForce RTX 4080,RM680,,Brand new,grandbear_b7e6a9,,4,https://www.carousell.com.my/p/nvidia-geforce-rtx-4080-1436654272/,https://www.carousell.com.my/categories/computers-tech-602/parts-accessories-604/computer-parts-5113/?tab=marketplace,Computers & Tech > Parts & Accessories > Computer Parts,True,
1437115328,Sapphire Pulse AMD Radeon RX 6600 XT,RM750,,Lightly used,chinsv.263,,9,https://www.carousell.com.my/p/sapphire-pulse-amd-radeon-rx-6600-xt-1437115328/,https://www.carousell.com.my/categories/computers-tech-602/parts-accessories-604/computer-parts-5113/?tab=marketplace,Computers & Tech > Parts & Accessories > Computer Parts,True,
1437405050,North Bayou F195A Dual Monitor Arm (USED but in Very Good Condition),RM90,,Lightly used,kollectors,,,https://www.carousell.com.my/p/north-bayou-f195a-dual-monitor-arm-used-but-in-very-good-condition-1437405050/,https://www.carousell.com.my/categories/computers-tech-602/parts-accessories-604/computer-parts-5113/?tab=marketplace,Computers & Tech > Parts & Accessories > Computer Parts,True,
1433311482,RX 580 8GB SAPPHIRE NITRO GRAPHIC CARD GPU,RM330,,Like new,muhamaddausilham,,37,https://www.carousell.com.my/p/rx-580-8gb-sapphire-nitro-graphic-card-gpu-1433311482/,https://www.carousell.com.my/categories/computers-tech-602/parts-accessories-604/computer-parts-5113/?tab=marketplace,Computers & Tech > Parts & Accessories > Computer Parts,True,
1436636321,Palit RTX 4060 GeForce,RM925,,Like new,salehudinz,,9,https://www.carousell.com.my/p/palit-rtx-4060-geforce-1436636321/,https://www.carousell.com.my/categories/computers-tech-602/parts-accessories-604/computer-parts-5113/?tab=marketplace,Computers & Tech > Parts & Accessories > Computer Parts,False,
1437403836,32gb ( 16x2 ) ddr5 Kingston value ram 5600mhz pc desktop . Warranty . Invoice,RM550,,Lightly used,jackselayangjaya,,,https://www.carousell.com.my/p/32gb-16x2-ddr5-kingston-value-ram-5600mhz-pc-desktop-warranty-invoice-1437403836/,https://www.carousell.com.my/categories/computers-tech-602/parts-accessories-604/computer-parts-5113/?tab=marketplace,Computers & Tech > Parts & Accessories > Computer Parts,False,
1436720927,PowerColor ATI Radeon RX 6600 XT 8GB,RM850,,Lightly used,shadylanem,,9,https://www.carousell.com.my/p/powercolor-ati-radeon-rx-6600-xt-8gb-1436720927/,https://www.carousell.com.my/categories/computers-tech-602/parts-accessories-604/computer-parts-5113/?tab=marketplace,Computers & Tech > Parts & Accessories > Computer Parts,True,
1433524063,Lexar 16GB DDR5 4800MHz Laptop RAM,RM450,,Like new,klcw1997,,4,https://www.carousell.com.my/p/lexar-16gb-ddr5-4800mhz-laptop-ram-1433524063/,https://www.carousell.com.my/categories/computers-tech-602/parts-accessories-604/computer-parts-5113/?tab=marketplace,Computers & Tech > Parts & Accessories > Computer Parts,True,
1436898917,Nvidia Quadro RTX A2000 12GB GDDR6 Graphics Card GPU,"RM1,800",,Lightly used,imr707,,4,https://www.carousell.com.my/p/nvidia-quadro-rtx-a2000-12gb-gddr6-graphics-card-gpu-1436898917/,https://www.carousell.com.my/categories/computers-tech-602/parts-accessories-604/computer-parts-5113/?tab=marketplace,Computers & Tech > Parts & Accessories > Computer Parts,False,
1437389893,AMD Ryzen 9 3900X,RM600,,Lightly used,af_bro,,2,https://www.carousell.com.my/p/amd-ryzen-9-3900x-1437389893/,https://www.carousell.com.my/categories/computers-tech-602/parts-accessories-604/computer-parts-5113/?tab=marketplace,Computers & Tech > Parts & Accessories > Computer Parts,True,
1431358961,Micron DDR5 32GB SODIMM Laptop RAM,RM990,,Lightly used,purru,,4,https://www.carousell.com.my/p/micron-ddr5-32gb-sodimm-laptop-ram-1431358961/,https://www.carousell.com.my/categories/computers-tech-602/parts-accessories-604/computer-parts-5113/?tab=marketplace,Computers & Tech > Parts & Accessories > Computer Parts,True,
1436921386,DDR5 16gb Sodimm,RM530,,Like new,kmkaushar,,1,https://www.carousell.com.my/p/ddr5-16gb-sodimm-1436921386/,https://www.carousell.com.my/categories/computers-tech-602/parts-accessories-604/computer-parts-5113/?tab=marketplace,Computers & Tech > Parts & Accessories > Computer Parts,True,
1436964947,Samsung 16gb ddr5 4800 laptop ram,RM499,,Like new,pctradepro1,,1,https://www.carousell.com.my/p/samsung-16gb-ddr5-4800-laptop-ram-1436964947/,https://www.carousell.com.my/categories/computers-tech-602/parts-accessories-604/computer-parts-5113/?tab=marketplace,Computers & Tech > Parts & Accessories > Computer Parts,True,
1437011706,Kingston Fury DDR5 Ram 16gb 4800Mhz Laptop ram,RM470,,Like new,naqibqt,,3,https://www.carousell.com.my/p/kingston-fury-ddr5-ram-16gb-4800mhz-laptop-ram-1437011706/,https://www.carousell.com.my/categories/computers-tech-602/parts-accessories-604/computer-parts-5113/?tab=marketplace,Computers & Tech > Parts & Accessories > Computer Parts,True,
1435957865,ASUS GeForce RTX 5080 PRIME Graphics Card,"RM5,700",,Brand new,alexander1377,,4,https://www.carousell.com.my/p/asus-geforce-rtx-5080-prime-graphics-card-1435957865/,https://www.carousell.com.my/categories/computers-tech-602/parts-accessories-604/computer-parts-5113/?tab=marketplace,Computers & Tech > Parts & Accessories > Computer Parts,True,
1187002310,GameRock GeForce RTX® 3080 Ti  OC,"RM3,799",,Like new,kllee.tech,,12,https://www.carousell.com.my/p/gamerock-geforce-rtx®-3080-ti-oc-1187002310/,https://www.carousell.com.my/categories/computers-tech-602/parts-accessories-604/computer-parts-5113/?tab=marketplace,Computers & Tech > Parts & Accessories > Computer Parts,False,
1437018616,Nvidia Tesla Graphics Card,RM300,,Brand new,royalstone.bb7046,,1,https://www.carousell.com.my/p/nvidia-tesla-graphics-card-1437018616/,https://www.carousell.com.my/categories/computers-tech-602/parts-accessories-604/computer-parts-5113/?tab=marketplace,Computers & Tech > Parts & Accessories > Computer Parts,True,
1429851457,Nvidia Tesla V100 32GB PCIE GPU CUDA Computing Accelerator Graphics Card New,"RM3,650",,Brand new,zealwind-5d2287,,13,https://www.carousell.com.my/p/nvidia-tesla-v100-32gb-pcie-gpu-cuda-computing-accelerator-graphics-card-new-1429851457/,https://www.carousell.com.my/categories/computers-tech-602/parts-accessories-604/computer-parts-5113/?tab=marketplace,Computers & Tech > Parts & Accessories > Computer Parts,True,
1437404248,Kingston DDR4 16GB RAM 3200MHz,RM380,,Well used,fatcat90,,,https://www.carousell.com.my/p/kingston-ddr4-16gb-ram-3200mhz-1437404248/,https://www.carousell.com.my/categories/computers-tech-602/parts-accessories-604/computer-parts-5113/?tab=marketplace,Computers & Tech > Parts & Accessories > Computer Parts,True,
1435471498,Gigabyte GeForce RTX 5080 Windforce OC SFF 16GB GDDR7,"RM5,699",,Like new,vivindran,,4,https://www.carousell.com.my/p/gigabyte-geforce-rtx-5080-windforce-oc-sff-16gb-gddr7-1435471498/,https://www.carousell.com.my/categories/computers-tech-602/parts-accessories-604/computer-parts-5113/?tab=marketplace,Computers & Tech > Parts & Accessories > Computer Parts,False,
1029813900,Thermaltake Toughpower GX1 500W 80 Plus Gold Power Supply (PS-TPD-0500NNFAGK-1),RM289,,New,new_it_technology,,1,https://www.carousell.com.my/p/thermaltake-toughpower-gx1-500w-80-plus-gold-power-supply-ps-tpd-0500nnfagk-1-1029813900/,https://www.carousell.com.my/categories/computers-tech-602/parts-accessories-604/computer-parts-5113/?tab=marketplace,Computers & Tech > Parts & Accessories > Computer Parts,False,
1436726438,ASUS Prime GeForce RTX 5080 16gb,"RM5,599",,Like new,albion21,,3,https://www.carousell.com.my/p/asus-prime-geforce-rtx-5080-16gb-1436726438/,https://www.carousell.com.my/categories/computers-tech-602/parts-accessories-604/computer-parts-5113/?tab=marketplace,Computers & Tech > Parts & Accessories > Computer Parts,True,
1436755371,"PC Parts for Sale.. MSI B550 Tomahawk, Red Devil RX 6900 XT, amd 5700x, gskill trident 3600mhz 16x2 32gb RAM, Scythe Fuma 2 CPU Air Cooler","RM1,899",,Like new,ashwz,,11,https://www.carousell.com.my/p/pc-parts-for-sale-msi-b550-tomahawk-red-devil-rx-6900-xt-amd-5700x-gskill-trident-3600mhz-16x2-32gb-ram-scythe-fuma-2-cpu-air-cooler-1436755371/,https://www.carousell.com.my/categories/computers-tech-602/parts-accessories-604/computer-parts-5113/?tab=marketplace,Computers & Tech > Parts & Accessories > Computer Parts,True,
1437403037,KLEVV CRAS V RGB DDR5 32GB 6000MHz,"RM2,100",,Like new,ameenfehmy,,,https://www.carousell.com.my/p/klevv-cras-v-rgb-ddr5-32gb-6000mhz-1437403037/,https://www.carousell.com.my/categories/computers-tech-602/parts-accessories-604/computer-parts-5113/?tab=marketplace,Computers & Tech > Parts & Accessories > Computer Parts,True,
1434769790,750W 80+ Bronze Full Modular PSU,RM180,,Lightly used,countrypoultrynutty,,5,https://www.carousell.com.my/p/750w-80-bronze-full-modular-psu-1434769790/,https://www.carousell.com.my/categories/computers-tech-602/parts-accessories-604/computer-parts-5113/?tab=marketplace,Computers & Tech > Parts & Accessories > Computer Parts,True,
1415995965,SanDisk Portable SSD 1TB,RM350,,Brand new,barangwarehousemurah,,12,https://www.carousell.com.my/p/sandisk-portable-ssd-1tb-1415995965/,https://www.carousell.com.my/categories/computers-tech-602/parts-accessories-604/computer-parts-5113/?tab=marketplace,Computers & Tech > Parts & Accessories > Computer Parts,False,
1435311989,Evga Nvidia Gtx1070 8GB Hybrid (Extra Cooling),RM388,,Lightly used,jiaojiao,,20,https://www.carousell.com.my/p/evga-nvidia-gtx1070-8gb-hybrid-extra-cooling-1435311989/,https://www.carousell.com.my/categories/computers-tech-602/parts-accessories-604/computer-parts-5113/?tab=marketplace,Computers & Tech > Parts & Accessories > Computer Parts,True,
1434288044,Samsung 16GB DDR5 PC5-5600,RM450,,Like new,gadgetforyou,,15,https://www.carousell.com.my/p/samsung-16gb-ddr5-pc5-5600-1434288044/,https://www.carousell.com.my/categories/computers-tech-602/parts-accessories-604/computer-parts-5113/?tab=marketplace,Computers & Tech > Parts & Accessories > Computer Parts,True,
1432853371,ASRock X870 Pro RS WiFi AMD AM5 ATX Motherboard / Socket AM5 & DDR5,"RM1,200",,Brand new,frankchua888,,3,https://www.carousell.com.my/p/asrock-x870-pro-rs-wifi-amd-am5-atx-motherboard-socket-am5-ddr5-1432853371/,https://www.carousell.com.my/categories/computers-tech-602/parts-accessories-604/computer-parts-5113/?tab=marketplace,Computers & Tech > Parts & Accessories > Computer Parts,True,
1431274730,ZOTAC Gaming GeForce RTX 3080 Ti AMP Holo,"RM1,790",,Well used,impetuoussoul,,42,https://www.carousell.com.my/p/zotac-gaming-geforce-rtx-3080-ti-amp-holo-1431274730/,https://www.carousell.com.my/categories/computers-tech-602/parts-accessories-604/computer-parts-5113/?tab=marketplace,Computers & Tech > Parts & Accessories > Computer Parts,True,
1435877021,g.skill Aegis DDR4 3200MHz 8GB RAM,RM499,,Like new,mrakl,,1,https://www.carousell.com.my/p/g-skill-aegis-ddr4-3200mhz-8gb-ram-1435877021/,https://www.carousell.com.my/categories/computers-tech-602/parts-accessories-604/computer-parts-5113/?tab=marketplace,Computers & Tech > Parts & Accessories > Computer Parts,False,
1436912559,g.skill Trident Z RGB DDR4 3200MHz 16GB RAM (8x2),RM450,,Well used,mezamine,,3,https://www.carousell.com.my/p/g-skill-trident-z-rgb-ddr4-3200mhz-16gb-ram-8x2-1436912559/,https://www.carousell.com.my/categories/computers-tech-602/parts-accessories-604/computer-parts-5113/?tab=marketplace,Computers & Tech > Parts & Accessories > Computer Parts,True,
1437184408,Kingstom FURY Beast DDR4 Desktop 32GB RAM,RM900,,Like new,alson.kz,,1,https://www.carousell.com.my/p/kingstom-fury-beast-ddr4-desktop-32gb-ram-1437184408/,https://www.carousell.com.my/categories/computers-tech-602/parts-accessories-604/computer-parts-5113/?tab=marketplace,Computers & Tech > Parts & Accessories > Computer Parts,True,
1437401428,Samsung DDR4 8GB x 2 (16gb) 3200 Desktop RAM UDIMM,RM400,,Like new,240sx90,,,https://www.carousell.com.my/p/samsung-ddr4-8gb-x-2-16gb-3200-desktop-ram-udimm-1437401428/,https://www.carousell.com.my/categories/computers-tech-602/parts-accessories-604/computer-parts-5113/?tab=marketplace,Computers & Tech > Parts & Accessories > Computer Parts,True,
1437024431,Kingston FURY Beast DDR4 32GB RAM x2,"RM1,800",,Like new,zackzzz007,,1,https://www.carousell.com.my/p/kingston-fury-beast-ddr4-32gb-ram-x2-1437024431/,https://www.carousell.com.my/categories/computers-tech-602/parts-accessories-604/computer-parts-5113/?tab=marketplace,Computers & Tech > Parts & Accessories > Computer Parts,True,
1436847381,32gb ( 16x2 ) DDR4 Kingston fury beast rgb 3200mhz . Used . Box . Warranty,RM800,,Lightly used,jackselayangjaya,,4,https://www.carousell.com.my/p/32gb-16x2-ddr4-kingston-fury-beast-rgb-3200mhz-used-box-warranty-1436847381/,https://www.carousell.com.my/categories/computers-tech-602/parts-accessories-604/computer-parts-5113/?tab=marketplace,Computers & Tech > Parts & Accessories > Computer Parts,True,
1436860508,Corsair Vengeance RGB RS 32GB (2x16GB) DDR4 3600MHz,RM900,,Well used,currythegoat,,5,https://www.carousell.com.my/p/corsair-vengeance-rgb-rs-32gb-2x16gb-ddr4-3600mhz-1436860508/,https://www.carousell.com.my/categories/computers-tech-602/parts-accessories-604/computer-parts-5113/?tab=marketplace,Computers & Tech > Parts & Accessories > Computer Parts,True,
1365670449,8GB DDR4 PC RAM,RM49,,Like new,hyperxtech,,27,https://www.carousell.com.my/p/8gb-ddr4-pc-ram-1365670449/,https://www.carousell.com.my/categories/computers-tech-602/parts-accessories-604/computer-parts-5113/?tab=marketplace,Computers & Tech > Parts & Accessories > Computer Parts,False,
1427560986,Rtx 5060 Ti 8Gb Colorful,"RM1,688",,Like new,yee.cangshen,,19,https://www.carousell.com.my/p/rtx-5060-ti-8gb-colorful-1427560986/,https://www.carousell.com.my/categories/computers-tech-602/parts-accessories-604/computer-parts-5113/?tab=marketplace,Computers & Tech > Parts & Accessories > Computer Parts,False,
1436883473,Colorful RTX 5060 Ti 8GB Battle Ax,"RM1,650",,Brand new,azharahmad3825,,4,https://www.carousell.com.my/p/colorful-rtx-5060-ti-8gb-battle-ax-1436883473/,https://www.carousell.com.my/categories/computers-tech-602/parts-accessories-604/computer-parts-5113/?tab=marketplace,Computers & Tech > Parts & Accessories > Computer Parts,True,
1422639117,[clearing]Msi Ventus 3x NVIDIA GeForce RTX 5070 Ti ( Student deal ),"RM2,299",,Brand new,laptopsaleskl,,81,https://www.carousell.com.my/p/clearing-msi-ventus-3x-nvidia-geforce-rtx-5070-ti-student-deal-1422639117/,https://www.carousell.com.my/categories/computers-tech-602/parts-accessories-604/computer-parts-5113/?tab=marketplace,Computers & Tech > Parts & Accessories > Computer Parts,False,
1395823972,Silverstone ITX RVZ03 casing with 3 fans,RM88,,Well used,klmavrick,,39,https://www.carousell.com.my/p/silverstone-itx-rvz03-casing-with-3-fans-1395823972/,https://www.carousell.com.my/categories/computers-tech-602/parts-accessories-604/computer-parts-5113/?tab=marketplace,Computers & Tech > Parts & Accessories > Computer Parts,False,
1431495734,Slim Mini ITX Case,RM200,,Well used,asmaan_arbi,,17,https://www.carousell.com.my/p/slim-mini-itx-case-1431495734/,https://www.carousell.com.my/categories/computers-tech-602/parts-accessories-604/computer-parts-5113/?tab=marketplace,Computers & Tech > Parts & Accessories > Computer Parts,False,
1437173683,[SEALED] ASUS Dual Radeon RX 9060 XT 16GB black [3 years warranty],"RM1,650",,Brand new,dan18l,,5,https://www.carousell.com.my/p/sealed-asus-dual-radeon-rx-9060-xt-16gb-black-3-years-warranty-1437173683/,https://www.carousell.com.my/categories/computers-tech-602/parts-accessories-604/computer-parts-5113/?tab=marketplace,Computers & Tech > Parts & Accessories > Computer Parts,True,
1435610027,SilverStone RVZ03 Mini ITX Case,RM120,,Well used,syahmiemoboyz,,3,https://www.carousell.com.my/p/silverstone-rvz03-mini-itx-case-1435610027/,https://www.carousell.com.my/categories/computers-tech-602/parts-accessories-604/computer-parts-5113/?tab=marketplace,Computers & Tech > Parts & Accessories > Computer Parts,False,
1436691873,Gigabyte RTX 4070 WINDFORCE OC 12G,"RM2,100",,Lightly used,star4store,,5,https://www.carousell.com.my/p/gigabyte-rtx-4070-windforce-oc-12g-1436691873/,https://www.carousell.com.my/categories/computers-tech-602/parts-accessories-604/computer-parts-5113/?tab=marketplace,Computers & Tech > Parts & Accessories > Computer Parts,True,
1432358671,Intel Processor i5-10600k,RM330,RM450,Like new,reensparx,,6,https://www.carousell.com.my/p/intel-processor-i5-10600k-1432358671/,https://www.carousell.com.my/categories/computers-tech-602/parts-accessories-604/computer-parts-5113/?tab=marketplace,Computers & Tech > Parts & Accessories > Computer Parts,True,
1437399939,GeForce GTX 1650 mini ITX Graphics Card,RM400,,Lightly used,kifkifkifkif,,,https://www.carousell.com.my/p/geforce-gtx-1650-mini-itx-graphics-card-1437399939/,https://www.carousell.com.my/categories/computers-tech-602/parts-accessories-604/computer-parts-5113/?tab=marketplace,Computers & Tech > Parts & Accessories > Computer Parts,True,
1434322426,ASRock Challenger AMD RX 7800 XT 16GB,"RM1,600",,Lightly used,og_gamer_my,,29,https://www.carousell.com.my/p/asrock-challenger-amd-rx-7800-xt-16gb-1434322426/,https://www.carousell.com.my/categories/computers-tech-602/parts-accessories-604/computer-parts-5113/?tab=marketplace,Computers & Tech > Parts & Accessories > Computer Parts,True,
1419217948,FSP & 1st Player SFX 650W PSU,RM315,,Like new,krakennnn,,14,https://www.carousell.com.my/p/fsp-1st-player-sfx-650w-psu-1419217948/,https://www.carousell.com.my/categories/computers-tech-602/parts-accessories-604/computer-parts-5113/?tab=marketplace,Computers & Tech > Parts & Accessories > Computer Parts,True,
1437127875,Lian Li O11 Vision Compact PC Case (NEGO),RM399,,Like new,a_rexsanda,,2,https://www.carousell.com.my/p/lian-li-o11-vision-compact-pc-case-nego-1437127875/,https://www.carousell.com.my/categories/computers-tech-602/parts-accessories-604/computer-parts-5113/?tab=marketplace,Computers & Tech > Parts & Accessories > Computer Parts,False,
1437285154,ASUS  PRIME AMD Radeon RX 9060 XT 16GB,"RM1,600",,Like new,farizmbn,,1,https://www.carousell.com.my/p/asus-prime-amd-radeon-rx-9060-xt-16gb-1437285154/,https://www.carousell.com.my/categories/computers-tech-602/parts-accessories-604/computer-parts-5113/?tab=marketplace,Computers & Tech > Parts & Accessories > Computer Parts,False,
1437401199,Intel Core i7-12700 Processor LGA1700,"RM1,100",,Like new,240sx90,,,https://www.carousell.com.my/p/intel-core-i7-12700-processor-lga1700-1437401199/,https://www.carousell.com.my/categories/computers-tech-602/parts-accessories-604/computer-parts-5113/?tab=marketplace,Computers & Tech > Parts & Accessories > Computer Parts,True,
1437400833,Intel Core i9-14900 Processor LGA1700,"RM1,800",,Like new,240sx90,,,https://www.carousell.com.my/p/intel-core-i9-14900-processor-lga1700-1437400833/,https://www.carousell.com.my/categories/computers-tech-602/parts-accessories-604/computer-parts-5113/?tab=marketplace,Computers & Tech > Parts & Accessories > Computer Parts,True,
1436851048,Rtx 5060 Ti 16gb asus prime gaming oc triple fan . Warranty until 2028 with invoice . No box . Used,"RM2,100",,Lightly used,jackselayangjaya,,5,https://www.carousell.com.my/p/rtx-5060-ti-16gb-asus-prime-gaming-oc-triple-fan-warranty-until-2028-with-invoice-no-box-used-1436851048/,https://www.carousell.com.my/categories/computers-tech-602/parts-accessories-604/computer-parts-5113/?tab=marketplace,Computers & Tech > Parts & Accessories > Computer Parts,False,
1437400233,SK Hynix DDR5 16GB 4800 Desktop RAM UDIMM,RM650,,Like new,240sx90,,,https://www.carousell.com.my/p/sk-hynix-ddr5-16gb-4800-desktop-ram-udimm-1437400233/,https://www.carousell.com.my/categories/computers-tech-602/parts-accessories-604/computer-parts-5113/?tab=marketplace,Computers & Tech > Parts & Accessories > Computer Parts,True,
1437172310,kingston fury beast ddr4 ram 3200 8gb,RM200,,Like new,royalbear_29ab41,,2,https://www.carousell.com.my/p/kingston-fury-beast-ddr4-ram-3200-8gb-1437172310/,https://www.carousell.com.my/categories/computers-tech-602/parts-accessories-604/computer-parts-5113/?tab=marketplace,Computers & Tech > Parts & Accessories > Computer Parts,True,
1436412687,Combo Mobo B150M + CPU Intel i7 7700K + AIO Cooler,RM460,,Lightly used,wzwar91,,10,https://www.carousell.com.my/p/combo-mobo-b150m-cpu-intel-i7-7700k-aio-cooler-1436412687/,https://www.carousell.com.my/categories/computers-tech-602/parts-accessories-604/computer-parts-5113/?tab=marketplace,Computers & Tech > Parts & Accessories > Computer Parts,True,
1437286259,8x2 / 16GB DDR4 CL16 3200MHZ Kingston HYPERX,RM400,,Brand new,naz_van,,1,https://www.carousell.com.my/p/8x2-16gb-ddr4-cl16-3200mhz-kingston-hyperx-1437286259/,https://www.carousell.com.my/categories/computers-tech-602/parts-accessories-604/computer-parts-5113/?tab=marketplace,Computers & Tech > Parts & Accessories > Computer Parts,True,
1432357891,Intel i5-8600K (LGA1151)(Gaming cpu processor),RM180,,Well used,brandons1994,,6,https://www.carousell.com.my/p/intel-i5-8600k-lga1151-gaming-cpu-processor-1432357891/,https://www.carousell.com.my/categories/computers-tech-602/parts-accessories-604/computer-parts-5113/?tab=marketplace,Computers & Tech > Parts & Accessories > Computer Parts,True,
1433888571,SK Hynix DDR5 SODIMM 32GB 2Rx8 PC5,RM999,,Brand new,ahfai211,,8,https://www.carousell.com.my/p/sk-hynix-ddr5-sodimm-32gb-2rx8-pc5-1433888571/,https://www.carousell.com.my/categories/computers-tech-602/parts-accessories-604/computer-parts-5113/?tab=marketplace,Computers & Tech > Parts & Accessories > Computer Parts,False,
1437172227,Cheapest Western Digital SN530 256GB Nvme SSD,RM111,,Like new,prelurvewithme,,2,https://www.carousell.com.my/p/cheapest-western-digital-sn530-256gb-nvme-ssd-1437172227/,https://www.carousell.com.my/categories/computers-tech-602/parts-accessories-604/computer-parts-5113/?tab=marketplace,Computers & Tech > Parts & Accessories > Computer Parts,True,
1435292685,Sk Hynix 16gb ddr5 5600mhz,RM550,,Brand new,mydigitalhub,,5,https://www.carousell.com.my/p/sk-hynix-16gb-ddr5-5600mhz-1435292685/,https://www.carousell.com.my/categories/computers-tech-602/parts-accessories-604/computer-parts-5113/?tab=marketplace,Computers & Tech > Parts & Accessories > Computer Parts,True,
1437387615,32gb ( 16 x 2 ) 3200mhz Kingston black fury beast . Used . No box . No invoice,RM750,,Lightly used,jackselayangjaya,,2,https://www.carousell.com.my/p/32gb-16-x-2-3200mhz-kingston-black-fury-beast-used-no-box-no-invoice-1437387615/,https://www.carousell.com.my/categories/computers-tech-602/parts-accessories-604/computer-parts-5113/?tab=marketplace,Computers & Tech > Parts & Accessories > Computer Parts,False,
1437399433,FSP SFX Pro 450W Power Supply ITX,RM145,,Lightly used,kifkifkifkif,,,https://www.carousell.com.my/p/fsp-sfx-pro-450w-power-supply-itx-1437399433/,https://www.carousell.com.my/categories/computers-tech-602/parts-accessories-604/computer-parts-5113/?tab=marketplace,Computers & Tech > Parts & Accessories > Computer Parts,True,
1434277231,KLEVV CRAS V RGB DDR5 32GB (2x16GB) 6000MHz,"RM2,099",,Brand new,kyoitsolution-48716,,6,https://www.carousell.com.my/p/klevv-cras-v-rgb-ddr5-32gb-2x16gb-6000mhz-1434277231/,https://www.carousell.com.my/categories/computers-tech-602/parts-accessories-604/computer-parts-5113/?tab=marketplace,Computers & Tech > Parts & Accessories > Computer Parts,False,
1437385431,PNY GeForce RTX 5080 16GB GDDR7,"RM1,050",,Brand new,luckyriver_5dd28d,,,https://www.carousell.com.my/p/pny-geforce-rtx-5080-16gb-gddr7-1437385431/,https://www.carousell.com.my/categories/computers-tech-602/parts-accessories-604/computer-parts-5113/?tab=marketplace,Computers & Tech > Parts & Accessories > Computer Parts,True,
1435409745,AMD Ryzen 5 3600 Processor,RM300,,Like new,nazham123,,9,https://www.carousell.com.my/p/amd-ryzen-5-3600-processor-1435409745/,https://www.carousell.com.my/categories/computers-tech-602/parts-accessories-604/computer-parts-5113/?tab=marketplace,Computers & Tech > Parts & Accessories > Computer Parts,False,
1437399375,kingston fury ddr5 64gb 6000mhz white,"RM2,899",,Like new,YuYu531,,,https://www.carousell.com.my/p/kingston-fury-ddr5-64gb-6000mhz-white-1437399375/,https://www.carousell.com.my/categories/computers-tech-602/parts-accessories-604/computer-parts-5113/?tab=marketplace,Computers & Tech > Parts & Accessories > Computer Parts,False,
1433865534,Intel i7-10700k | intel i7 10th gen |i710700k | i7,RM750,,Like new,llemee,,6,https://www.carousell.com.my/p/intel-i7-10700k-intel-i7-10th-gen-i710700k-i7-1433865534/,https://www.carousell.com.my/categories/computers-tech-602/parts-accessories-604/computer-parts-5113/?tab=marketplace,Computers & Tech > Parts & Accessories > Computer Parts,False,
1436655289,EVGA GeForce RTX 3070 Graphics Card,RM830,,Brand new,grandbear_b7e6a9,,13,https://www.carousell.com.my/p/evga-geforce-rtx-3070-graphics-card-1436655289/,https://www.carousell.com.my/categories/computers-tech-602/parts-accessories-604/computer-parts-5113/?tab=marketplace,Computers & Tech > Parts & Accessories > Computer Parts,True,
1433013202,i5-10600K 10th Gen Gaming CPU – Fast Deal / Urgent,RM350,,Lightly used,kkstrynotmvp,,13,https://www.carousell.com.my/p/i5-10600k-10th-gen-gaming-cpu-–-fast-deal-urgent-1433013202/,https://www.carousell.com.my/categories/computers-tech-602/parts-accessories-604/computer-parts-5113/?tab=marketplace,Computers & Tech > Parts & Accessories > Computer Parts,True,
1437365572,MSI RTX 5070 Gaming Trio White,"RM2,800",,Like new,all.star,,3,https://www.carousell.com.my/p/msi-rtx-5070-gaming-trio-white-1437365572/,https://www.carousell.com.my/categories/computers-tech-602/parts-accessories-604/computer-parts-5113/?tab=marketplace,Computers & Tech > Parts & Accessories > Computer Parts,True,
1434425286,Intel Core i5-10400F CPU,RM350,,Lightly used,fazrenpaan,,11,https://www.carousell.com.my/p/intel-core-i5-10400f-cpu-1434425286/,https://www.carousell.com.my/categories/computers-tech-602/parts-accessories-604/computer-parts-5113/?tab=marketplace,Computers & Tech > Parts & Accessories > Computer Parts,True,
1415704142,Phanteks EVOLV SHIFT 2 AIR - Mini ITX Case with Optimized Airflow,RM120,RM150,Like new,swiftforest-7a30ca,,26,https://www.carousell.com.my/p/phanteks-evolv-shift-2-air-mini-itx-case-with-optimized-airflow-1415704142/,https://www.carousell.com.my/categories/computers-tech-602/parts-accessories-604/computer-parts-5113/?tab=marketplace,Computers & Tech > Parts & Accessories > Computer Parts,True,
1434021043,64GB (2x32GB) DDR5-5600 Corsair Vengeance DDR5 5600MHz CL40 RAM,"RM2,250",,Lightly used,x000m,,17,https://www.carousell.com.my/p/64gb-2x32gb-ddr5-5600-corsair-vengeance-ddr5-5600mhz-cl40-ram-1434021043/,https://www.carousell.com.my/categories/computers-tech-602/parts-accessories-604/computer-parts-5113/?tab=marketplace,Computers & Tech > Parts & Accessories > Computer Parts,True,
1433718502,RTX3080 10GB LHR White,"RM1,499",,Like new,jetchainpc,,12,https://www.carousell.com.my/p/rtx3080-10gb-lhr-white-1433718502/,https://www.carousell.com.my/categories/computers-tech-602/parts-accessories-604/computer-parts-5113/?tab=marketplace,Computers & Tech > Parts & Accessories > Computer Parts,True,
1433001638,Intel Core i7-13700K (13th Gen),"RM1,100",,Like new,alvin8195,,5,https://www.carousell.com.my/p/intel-core-i7-13700k-13th-gen-1433001638/,https://www.carousell.com.my/categories/computers-tech-602/parts-accessories-604/computer-parts-5113/?tab=marketplace,Computers & Tech > Parts & Accessories > Computer Parts,True,
1435327543,KLEVV DDR5 32GB (1x32GB) 5600MHz CL46 A-DIE 1.1V UDIMM Desktop Ram Memory SK Hynix Chip (KD5BGUA80-56G460A),"RM1,300",,Lightly used,yamasskev16947,,2,https://www.carousell.com.my/p/klevv-ddr5-32gb-1x32gb-5600mhz-cl46-a-die-1-1v-udimm-desktop-ram-memory-sk-hynix-chip-kd5bgua80-56g460a-1435327543/,https://www.carousell.com.my/categories/computers-tech-602/parts-accessories-604/computer-parts-5113/?tab=marketplace,Computers & Tech > Parts & Accessories > Computer Parts,True,
1385699682,EVGA RTX 3070Ti,"RM1,350",,Like new,fa835,,32,https://www.carousell.com.my/p/evga-rtx-3070ti-1385699682/,https://www.carousell.com.my/categories/computers-tech-602/parts-accessories-604/computer-parts-5113/?tab=marketplace,Computers & Tech > Parts & Accessories > Computer Parts,True,
